{"cameraMode":{"drawMode":0,"name":"Shaded","section":"Shading Mode"},"sceneLighting":true,"audioPlay":false,"sceneViewState":{"m_AlwaysRefresh":false,"showFog":true,"showSkybox":true,"showFlares":true,"showImageEffects":true,"showParticleSystems":true,"showVisualEffectGraphs":true,"m_FxEnabled":true},"in2DMode":false,"pivot":{"x":-0.3308289647102356,"y":0.04120097681879997,"z":-3.2858669757843019},"rotation":{"x":0.0018745168345049024,"y":0.9895546436309815,"z":-0.1441049724817276,"w":0.012780667282640934},"size":3.16294002532959,"orthographic":false}